district_code,city_code,name,postal_code,latitude,longitude
COL,CMB,Colombo,00100,6.927079,79.861244
COL,DHI,Dehiwala,10350,6.851000,79.865000
COL,MTL,Mount Lavinia,10370,6.838900,79.863600
COL,KDW,Kaduwela,10640,6.935000,79.984000
COL,HMG,Homagama,10200,6.844000,80.002000
GAM,NEG,Negombo,11500,7.208300,79.835800
GAM,JAE,Ja-Ela,11350,7.074400,79.891900
GAM,WAT,Wattala,11300,6.990000,79.890000
KAN,KDY,Kandy,20000,7.290600,80.633700
GAL,GLE,Galle,80000,6.032900,80.216800
MATA,MAT,Matara,81000,5.954900,80.555000
HAM,HAM,Hambantota,82000,6.124100,81.118500
BAD,BAD,Badulla,90000,6.993400,81.055000
RAT,RAT,Ratnapura,70000,6.682800,80.399200